Workbook

Sheet Sheet1
A1: Store | B1: Con1 | C1: Con2 | D1: D | E1: Paired t-test
A2: 1 | B2: 141 | C2: 118 | D2: =B2-C2 -> 23 | E2: Alpha | F2: 0.05
A3: 2 | B3: 184 | C3: 167 | D3: =B3-C3 -> 17 | E3: Hypothesized Mean Difference | F3: 0
A4: 3 | B4: 132 | C4: 137 | D4: =B4-C4 -> -5 | F4: Variable 1 | G4: Variable 2
A5: 4 | B5: 161 | C5: 168 | D5: =B5-C5 -> -7 | E5: Mean | F5: =AVERAGE(Sheet1!$B$1:$B$11) -> 172.6 | G5: =AVERAGE(Sheet1!$C$1:$C$11) -> 159.4
A6: 5 | B6: 176 | C6: 175 | D6: =B6-C6 -> 1 | E6: Variance | F6: =VAR(Sheet1!$B$1:$B$11) -> 750.26667 | G6: =VAR(Sheet1!$C$1:$C$11) -> 789.37778
A7: 6 | B7: 196 | C7: 197 | D7: =B7-C7 -> -1 | E7: Observations | F7: =COUNT(Sheet1!$B$1:$B$11) -> 10 | G7: =COUNT(Sheet1!$C$1:$C$11) -> 10
A8: 7 | B8: 169 | C8: 143 | D8: =B8-C8 -> 26 | E8: Pearson Correlation | F8: =CORREL(Sheet1!$B$1:$B$11,Sheet1!$C$1:$C$11) -> 0.863335
A9: 8 | B9: 199 | C9: 169 | D9: =B9-C9 -> 30 | E9: Observed Mean Difference | F9: {=AVERAGE(IF(ISODD(IF(ISNUMBER(Sheet1!$B$1:$B$11), 1, 0) * IF(ISNUMBER(Sheet1!$C$1:$C$11), 1, 0)), Sheet1!$B$1:$B$11 - Sheet1!$C$1:$C$11, "NA"))} -> 13.2
A10: 9 | B10: 150 | C10: 123 | D10: =B10-C10 -> 27 | E10: Variance of the Differences | F10: {=VAR(IF(ISODD(IF(ISNUMBER(Sheet1!$B$1:$B$11), 1, 0) * IF(ISNUMBER(Sheet1!$C$1:$C$11), 1, 0)), Sheet1!$B$1:$B$11 - Sheet1!$C$1:$C$11, "NA"))} -> 210.84444
A11: 10 | B11: 218 | C11: 197 | D11: =B11-C11 -> 21 | E11: df | F11: {=SUM(IF(ISNUMBER(Sheet1!$B$1:$B$11), 1, 0) * IF(ISNUMBER(Sheet1!$C$1:$C$11), 1, 0)) - 1} -> 9
E12: t Stat | F12: =(Sheet1!$F$9 - Sheet1!$F$3) / (Sheet1!$F$10 / ( Sheet1!$F$11 + 1)) ^ 0.5 -> 2.8747021
E13: P (T<=t) one-tail | F13: =TDIST(ABS(Sheet1!$F$12), Sheet1!$F$11, 1) -> 0.0091678174
E14: t Critical one-tail | F14: =TINV(2*Sheet1!$F$2, Sheet1!$F$11) -> 1.8331129
E15: P (T<=t) two-tail | F15: =TDIST(ABS(Sheet1!$F$12), Sheet1!$F$11, 2) -> 0.018335635
E16: t Critical two-tail | F16: =TINV(Sheet1!$F$2, Sheet1!$F$11) -> 2.2621572
E17: Difference in Means | F17: =F5-G5 -> 13.2
E20: Hypotheses (one-tailed)
E21: Let D=Con1−Con2D = \text{Con1} - \text{Con2}D=Con1−Con2.
E22: Null hypothesis H0H_0H0​: μD≤0\mu_D \le 0μD​≤0
E23: (Filter Agent 1 is not more effective)
E24: Alternative hypothesis HaH_aHa​: μD>0\mu_D > 0μD​>0
E25: (Filter Agent 1 is more effective)
E26: Test results from your output
E27: Observed mean difference: 13.200
E28: ttt statistic: 2.875
E29: Degrees of freedom: 9
E30: One-tailed p-value: 0.009
E31: Significance level: α=0.05\alpha = 0.05α=0.05
... E39: In fact, even the two-tailed test was significant (p = 0.018), so switching to a one-tailed test only strengthens the conclusion. The direction of the effect (positive mean difference) supports the claim that Filter Agent 1 outperforms Filter Agent 2.

Sheet Sheet2

Sheet Sheet3
